[
  {
    "category": "``ec2``", 
    "description": "Update ec2 client to latest version", 
    "type": "api-change"
  }, 
  {
    "category": "``dlm``", 
    "description": "Update dlm client to latest version", 
    "type": "api-change"
  }, 
  {
    "category": "``rds``", 
    "description": "Update rds client to latest version", 
    "type": "api-change"
  }, 
  {
    "category": "``elasticbeanstalk``", 
    "description": "Update elasticbeanstalk client to latest version", 
    "type": "api-change"
  }
]