[
  {
    "category": "``kms``", 
    "description": "Update kms client to latest version", 
    "type": "api-change"
  }, 
  {
    "category": "``mediaconvert``", 
    "description": "Update mediaconvert client to latest version", 
    "type": "api-change"
  }, 
  {
    "category": "``es``", 
    "description": "Update es client to latest version", 
    "type": "api-change"
  }, 
  {
    "category": "``iot``", 
    "description": "Update iot client to latest version", 
    "type": "api-change"
  }, 
  {
    "category": "``connect``", 
    "description": "Update connect client to latest version", 
    "type": "api-change"
  }
]