[
  {
    "category": "``ec2``", 
    "description": "Update ec2 client to latest version", 
    "type": "api-change"
  }, 
  {
    "category": "``sagemaker``", 
    "description": "Update sagemaker client to latest version", 
    "type": "api-change"
  }, 
  {
    "category": "``mgh``", 
    "description": "Update mgh client to latest version", 
    "type": "api-change"
  }, 
  {
    "category": "``mediaconvert``", 
    "description": "Update mediaconvert client to latest version", 
    "type": "api-change"
  }, 
  {
    "category": "``appstream``", 
    "description": "Update appstream client to latest version", 
    "type": "api-change"
  }, 
  {
    "category": "``eks``", 
    "description": "Update eks client to latest version", 
    "type": "api-change"
  }
]