[
  {
    "category": "``guardduty``", 
    "description": "Update guardduty client to latest version", 
    "type": "api-change"
  }, 
  {
    "category": "``alexaforbusiness``", 
    "description": "Update alexaforbusiness client to latest version", 
    "type": "api-change"
  }, 
  {
    "category": "``route53domains``", 
    "description": "Update route53domains client to latest version", 
    "type": "api-change"
  }, 
  {
    "category": "``workspaces``", 
    "description": "Update workspaces client to latest version", 
    "type": "api-change"
  }, 
  {
    "category": "``sagemaker``", 
    "description": "Update sagemaker client to latest version", 
    "type": "api-change"
  }, 
  {
    "category": "``dynamodb``", 
    "description": "Update dynamodb client to latest version", 
    "type": "api-change"
  }
]