[
  {
    "category": "``secretsmanager``", 
    "description": "Update secretsmanager client to latest version", 
    "type": "api-change"
  }, 
  {
    "category": "``codebuild``", 
    "description": "Update codebuild client to latest version", 
    "type": "api-change"
  }, 
  {
    "category": "``rds``", 
    "description": "Update rds client to latest version", 
    "type": "api-change"
  }, 
  {
    "category": "``elbv2``", 
    "description": "Update elbv2 client to latest version", 
    "type": "api-change"
  }
]