[
  {
    "category": "``sagemaker``", 
    "description": "Update sagemaker client to latest version", 
    "type": "api-change"
  }, 
  {
    "category": "``polly``", 
    "description": "Update polly client to latest version", 
    "type": "api-change"
  }, 
  {
    "category": "``comprehend``", 
    "description": "Update comprehend client to latest version", 
    "type": "api-change"
  }, 
  {
    "category": "``snowball``", 
    "description": "Update snowball client to latest version", 
    "type": "api-change"
  }
]