[
  {
    "category": "``cloudfront``", 
    "description": "Update cloudfront client to latest version", 
    "type": "api-change"
  }, 
  {
    "category": "``comprehend``", 
    "description": "Update comprehend client to latest version", 
    "type": "api-change"
  }, 
  {
    "category": "``codepipeline``", 
    "description": "Update codepipeline client to latest version", 
    "type": "api-change"
  }, 
  {
    "category": "``secretsmanager``", 
    "description": "Update secretsmanager client to latest version", 
    "type": "api-change"
  }, 
  {
    "category": "StreamingResponses", 
    "description": "Add ``iter_lines()`` and ``iter_chunks()`` to streaming responses (`#1195 <https://github.com/boto/botocore/issues/1195>`__)", 
    "type": "enhancement"
  }
]