[
  {
    "category": "``rds``", 
    "description": "Update rds client to latest version", 
    "type": "api-change"
  }, 
  {
    "category": "``s3``", 
    "description": "Update s3 client to latest version", 
    "type": "api-change"
  }, 
  {
    "category": "``appstream``", 
    "description": "Update appstream client to latest version", 
    "type": "api-change"
  }, 
  {
    "category": "``dynamodb``", 
    "description": "Update dynamodb client to latest version", 
    "type": "api-change"
  }, 
  {
    "category": "``elb``", 
    "description": "Update elb client to latest version", 
    "type": "api-change"
  }
]