[
  {
    "category": "``events``", 
    "description": "Update events client to latest version", 
    "type": "api-change"
  }, 
  {
    "category": "``cognito-idp``", 
    "description": "Update cognito-idp client to latest version", 
    "type": "api-change"
  }, 
  {
    "category": "urllib3", 
    "description": "The vendored version of requests and urllib3 are no longer being used and botocore now has a direct dependency on newer versions of upstream urllib3.", 
    "type": "feature"
  }
]