[
  {
    "category": "``directconnect``", 
    "description": "Update directconnect client to latest version", 
    "type": "api-change"
  }, 
  {
    "category": "``pinpoint``", 
    "description": "Update pinpoint client to latest version", 
    "type": "api-change"
  }, 
  {
    "category": "``workspaces``", 
    "description": "Update workspaces client to latest version", 
    "type": "api-change"
  }, 
  {
    "category": "``ec2-instance-connect``", 
    "description": "Update ec2-instance-connect client to latest version", 
    "type": "api-change"
  }
]