[
  {
    "category": "``neptune``", 
    "description": "Update neptune client to latest version", 
    "type": "api-change"
  }, 
  {
    "category": "``servicecatalog``", 
    "description": "Update servicecatalog client to latest version", 
    "type": "api-change"
  }, 
  {
    "category": "``managedblockchain``", 
    "description": "Update managedblockchain client to latest version", 
    "type": "api-change"
  }, 
  {
    "category": "``s3control``", 
    "description": "Update s3control client to latest version", 
    "type": "api-change"
  }, 
  {
    "category": "``directconnect``", 
    "description": "Update directconnect client to latest version", 
    "type": "api-change"
  }, 
  {
    "category": "``codepipeline``", 
    "description": "Update codepipeline client to latest version", 
    "type": "api-change"
  }
]