[
  {
    "category": "``appstream``", 
    "description": "Update appstream client to latest version", 
    "type": "api-change"
  }, 
  {
    "category": "``discovery``", 
    "description": "Update discovery client to latest version", 
    "type": "api-change"
  }, 
  {
    "category": "``dms``", 
    "description": "Update dms client to latest version", 
    "type": "api-change"
  }, 
  {
    "category": "``fms``", 
    "description": "Update fms client to latest version", 
    "type": "api-change"
  }, 
  {
    "category": "``ssm``", 
    "description": "Update ssm client to latest version", 
    "type": "api-change"
  }
]