[
  {
    "category": "``ec2``", 
    "description": "Update ec2 client to latest version", 
    "type": "api-change"
  }, 
  {
    "category": "``appmesh``", 
    "description": "Update appmesh client to latest version", 
    "type": "api-change"
  }, 
  {
    "category": "``ecs``", 
    "description": "Update ecs client to latest version", 
    "type": "api-change"
  }, 
  {
    "category": "``elbv2``", 
    "description": "Update elbv2 client to latest version", 
    "type": "api-change"
  }, 
  {
    "category": "``transfer``", 
    "description": "Update transfer client to latest version", 
    "type": "api-change"
  }, 
  {
    "category": "``storagegateway``", 
    "description": "Update storagegateway client to latest version", 
    "type": "api-change"
  }, 
  {
    "category": "``s3``", 
    "description": "Update s3 client to latest version", 
    "type": "api-change"
  }
]