[
  {
    "category": "``efs``", 
    "description": "Update efs client to latest version", 
    "type": "api-change"
  }, 
  {
    "category": "``ec2``", 
    "description": "Update ec2 client to latest version", 
    "type": "api-change"
  }, 
  {
    "category": "``apigateway``", 
    "description": "Update apigateway client to latest version", 
    "type": "api-change"
  }, 
  {
    "category": "``worklink``", 
    "description": "Update worklink client to latest version", 
    "type": "api-change"
  }, 
  {
    "category": "``rds``", 
    "description": "Update rds client to latest version", 
    "type": "api-change"
  }, 
  {
    "category": "``servicecatalog``", 
    "description": "Update servicecatalog client to latest version", 
    "type": "api-change"
  }, 
  {
    "category": "``devicefarm``", 
    "description": "Update devicefarm client to latest version", 
    "type": "api-change"
  }, 
  {
    "category": "``budgets``", 
    "description": "Update budgets client to latest version", 
    "type": "api-change"
  }
]