[
  {
    "category": "``iot``", 
    "description": "Update iot client to latest version", 
    "type": "api-change"
  }, 
  {
    "category": "``ssm``", 
    "description": "Update ssm client to latest version", 
    "type": "api-change"
  }, 
  {
    "category": "``ds``", 
    "description": "Update ds client to latest version", 
    "type": "api-change"
  }, 
  {
    "category": "Paginator", 
    "description": "Add additional paginators for CloudFormation", 
    "type": "enhancement"
  }, 
  {
    "category": "``efs``", 
    "description": "Update efs client to latest version", 
    "type": "api-change"
  }
]