[
  {
    "category": "``ec2``", 
    "description": "Update ec2 client to latest version", 
    "type": "api-change"
  }, 
  {
    "category": "``sts``", 
    "description": "Update sts client to latest version", 
    "type": "api-change"
  }, 
  {
    "category": "``pinpoint``", 
    "description": "Update pinpoint client to latest version", 
    "type": "api-change"
  }, 
  {
    "category": "``glue``", 
    "description": "Update glue client to latest version", 
    "type": "api-change"
  }
]