[
  {
    "category": "``organizations``", 
    "description": "Update organizations client to latest version", 
    "type": "api-change"
  }, 
  {
    "category": "``events``", 
    "description": "Update events client to latest version", 
    "type": "api-change"
  }, 
  {
    "category": "``firehose``", 
    "description": "Update firehose client to latest version", 
    "type": "api-change"
  }, 
  {
    "category": "``datasync``", 
    "description": "Update datasync client to latest version", 
    "type": "api-change"
  }
]