[
  {
    "category": "``elbv2``", 
    "description": "Update elbv2 client to latest version", 
    "type": "api-change"
  }, 
  {
    "category": "``stepfunctions``", 
    "description": "Update stepfunctions client to latest version", 
    "type": "api-change"
  }, 
  {
    "category": "``xray``", 
    "description": "Update xray client to latest version", 
    "type": "api-change"
  }, 
  {
    "category": "``lambda``", 
    "description": "Update lambda client to latest version", 
    "type": "api-change"
  }, 
  {
    "category": "``events``", 
    "description": "Update events client to latest version", 
    "type": "api-change"
  }, 
  {
    "category": "``serverlessrepo``", 
    "description": "Update serverlessrepo client to latest version", 
    "type": "api-change"
  }, 
  {
    "category": "``kafka``", 
    "description": "Update kafka client to latest version", 
    "type": "api-change"
  }, 
  {
    "category": "``s3``", 
    "description": "Update s3 client to latest version", 
    "type": "api-change"
  }
]