[
  {
    "category": "``ec2``", 
    "description": "Update ec2 client to latest version", 
    "type": "api-change"
  }, 
  {
    "category": "AssumeRole", 
    "description": "Add support for duration_seconds when assuming a role in the config file (`#1600 <https://github.com/boto/botocore/issues/1600>`__).", 
    "type": "enhancement"
  }, 
  {
    "category": "``iam``", 
    "description": "Update iam client to latest version", 
    "type": "api-change"
  }, 
  {
    "category": "``servicecatalog``", 
    "description": "Update servicecatalog client to latest version", 
    "type": "api-change"
  }, 
  {
    "category": "``alexaforbusiness``", 
    "description": "Update alexaforbusiness client to latest version", 
    "type": "api-change"
  }
]