[
  {
    "category": "``ec2``", 
    "description": "Update ec2 client to latest version", 
    "type": "api-change"
  }, 
  {
    "category": "``lex-runtime``", 
    "description": "Update lex-runtime client to latest version", 
    "type": "api-change"
  }, 
  {
    "category": "``fms``", 
    "description": "Update fms client to latest version", 
    "type": "api-change"
  }, 
  {
    "category": "``iotanalytics``", 
    "description": "Update iotanalytics client to latest version", 
    "type": "api-change"
  }
]