[
  {
    "category": "``securityhub``", 
    "description": "Update securityhub client to latest version", 
    "type": "api-change"
  }, 
  {
    "category": "``rds``", 
    "description": "Update rds client to latest version", 
    "type": "api-change"
  }, 
  {
    "category": "``fsx``", 
    "description": "Update fsx client to latest version", 
    "type": "api-change"
  }, 
  {
    "category": "``dynamodb``", 
    "description": "Update dynamodb client to latest version", 
    "type": "api-change"
  }
]