[
  {
    "category": "``codebuild``", 
    "description": "Update codebuild client to latest version", 
    "type": "api-change"
  }, 
  {
    "category": "``personalize-runtime``", 
    "description": "Update personalize-runtime client to latest version", 
    "type": "api-change"
  }, 
  {
    "category": "``codecommit``", 
    "description": "Update codecommit client to latest version", 
    "type": "api-change"
  }, 
  {
    "category": "``personalize-events``", 
    "description": "Update personalize-events client to latest version", 
    "type": "api-change"
  }, 
  {
    "category": "``personalize``", 
    "description": "Update personalize client to latest version", 
    "type": "api-change"
  }
]