[
  {
    "category": "``ssm``", 
    "description": "Update ssm client to latest version", 
    "type": "api-change"
  }, 
  {
    "category": "``apigatewayv2``", 
    "description": "Update apigatewayv2 client to latest version", 
    "type": "api-change"
  }, 
  {
    "category": "``alexaforbusiness``", 
    "description": "Update alexaforbusiness client to latest version", 
    "type": "api-change"
  }, 
  {
    "category": "``application-autoscaling``", 
    "description": "Update application-autoscaling client to latest version", 
    "type": "api-change"
  }
]