[
  {
    "category": "``mediastore-data``", 
    "description": "Update mediastore-data client to latest version", 
    "type": "api-change"
  }, 
  {
    "category": "``secretsmanager``", 
    "description": "Update secretsmanager client to latest version", 
    "type": "api-change"
  }, 
  {
    "category": "``greengrass``", 
    "description": "Update greengrass client to latest version", 
    "type": "api-change"
  }, 
  {
    "category": "``config``", 
    "description": "Update config client to latest version", 
    "type": "api-change"
  }
]