[
  {
    "category": "``forecast``", 
    "description": "Update forecast client to latest version", 
    "type": "api-change"
  }, 
  {
    "category": "``forecastquery``", 
    "description": "Update forecastquery client to latest version", 
    "type": "api-change"
  }, 
  {
    "category": "``personalize-runtime``", 
    "description": "Update personalize-runtime client to latest version", 
    "type": "api-change"
  }, 
  {
    "category": "``elasticache``", 
    "description": "Update elasticache client to latest version", 
    "type": "api-change"
  }, 
  {
    "category": "``rekognition``", 
    "description": "Update rekognition client to latest version", 
    "type": "api-change"
  }, 
  {
    "category": "``sagemaker``", 
    "description": "Update sagemaker client to latest version", 
    "type": "api-change"
  }, 
  {
    "category": "``sqs``", 
    "description": "Update sqs client to latest version", 
    "type": "api-change"
  }
]