[
  {
    "category": "``medialive``", 
    "description": "Update medialive client to latest version", 
    "type": "api-change"
  }, 
  {
    "category": "EndpointDiscovery", 
    "description": "Add a config option, ``endpoint_discovery_enabled``, for automatically discovering endpoints", 
    "type": "enhancement"
  }, 
  {
    "category": "``comprehend``", 
    "description": "Update comprehend client to latest version", 
    "type": "api-change"
  }, 
  {
    "category": "``firehose``", 
    "description": "Update firehose client to latest version", 
    "type": "api-change"
  }, 
  {
    "category": "``transcribe``", 
    "description": "Update transcribe client to latest version", 
    "type": "api-change"
  }, 
  {
    "category": "``cognito-idp``", 
    "description": "Update cognito-idp client to latest version", 
    "type": "api-change"
  }
]