[
  {
    "category": "``iot``", 
    "description": "Update iot client to latest version", 
    "type": "api-change"
  }, 
  {
    "category": "``ec2``", 
    "description": "Update ec2 client to latest version", 
    "type": "api-change"
  }, 
  {
    "category": "``codedeploy``", 
    "description": "Update codedeploy client to latest version", 
    "type": "api-change"
  }, 
  {
    "category": "``sagemaker``", 
    "description": "Update sagemaker client to latest version", 
    "type": "api-change"
  }
]