[
  {
    "category": "``textract``", 
    "description": "Update textract client to latest version", 
    "type": "api-change"
  }, 
  {
    "category": "``storagegateway``", 
    "description": "Update storagegateway client to latest version", 
    "type": "api-change"
  }, 
  {
    "category": "``medialive``", 
    "description": "Update medialive client to latest version", 
    "type": "api-change"
  }, 
  {
    "category": "``codedeploy``", 
    "description": "Update codedeploy client to latest version", 
    "type": "api-change"
  }
]