[
  {
    "category": "``iot``", 
    "description": "Update iot client to latest version", 
    "type": "api-change"
  }, 
  {
    "category": "``quicksight``", 
    "description": "Update quicksight client to latest version", 
    "type": "api-change"
  }, 
  {
    "category": "``glue``", 
    "description": "Update glue client to latest version", 
    "type": "api-change"
  }, 
  {
    "category": "``ce``", 
    "description": "Update ce client to latest version", 
    "type": "api-change"
  }, 
  {
    "category": "``elasticbeanstalk``", 
    "description": "Update elasticbeanstalk client to latest version", 
    "type": "api-change"
  }, 
  {
    "category": "``rekognition``", 
    "description": "Update rekognition client to latest version", 
    "type": "api-change"
  }
]