[
  {
    "category": "``workmail``", 
    "description": "Update workmail client to latest version", 
    "type": "api-change"
  }, 
  {
    "category": "``medialive``", 
    "description": "Update medialive client to latest version", 
    "type": "api-change"
  }, 
  {
    "category": "``cognito-idp``", 
    "description": "Update cognito-idp client to latest version", 
    "type": "api-change"
  }, 
  {
    "category": "``mediaconvert``", 
    "description": "Update mediaconvert client to latest version", 
    "type": "api-change"
  }
]