[
  {
    "category": "``meteringmarketplace``", 
    "description": "Update meteringmarketplace client to latest version", 
    "type": "api-change"
  }, 
  {
    "category": "``ec2``", 
    "description": "Update ec2 client to latest version", 
    "type": "api-change"
  }, 
  {
    "category": "``codedeploy``", 
    "description": "Update codedeploy client to latest version", 
    "type": "api-change"
  }, 
  {
    "category": "``translate``", 
    "description": "Update translate client to latest version", 
    "type": "api-change"
  }, 
  {
    "category": "``logs``", 
    "description": "Update logs client to latest version", 
    "type": "api-change"
  }, 
  {
    "category": "``kinesisanalytics``", 
    "description": "Update kinesisanalytics client to latest version", 
    "type": "api-change"
  }, 
  {
    "category": "``comprehendmedical``", 
    "description": "Update comprehendmedical client to latest version", 
    "type": "api-change"
  }, 
  {
    "category": "``mediaconnect``", 
    "description": "Update mediaconnect client to latest version", 
    "type": "api-change"
  }, 
  {
    "category": "``kinesisanalyticsv2``", 
    "description": "Update kinesisanalyticsv2 client to latest version", 
    "type": "api-change"
  }, 
  {
    "category": "``ecs``", 
    "description": "Update ecs client to latest version", 
    "type": "api-change"
  }
]