[
  {
    "category": "``snowball``", 
    "description": "Update snowball client to latest version", 
    "type": "api-change"
  }, 
  {
    "category": "``directconnect``", 
    "description": "Update directconnect client to latest version", 
    "type": "api-change"
  }, 
  {
    "category": "``firehose``", 
    "description": "Update firehose client to latest version", 
    "type": "api-change"
  }, 
  {
    "category": "``pinpoint``", 
    "description": "Update pinpoint client to latest version", 
    "type": "api-change"
  }, 
  {
    "category": "``glue``", 
    "description": "Update glue client to latest version", 
    "type": "api-change"
  }, 
  {
    "category": "``pinpoint-email``", 
    "description": "Update pinpoint-email client to latest version", 
    "type": "api-change"
  }
]