[
  {
    "category": "``lightsail``", 
    "description": "Update lightsail client to latest version", 
    "type": "api-change"
  }, 
  {
    "category": "``lambda``", 
    "description": "Update lambda client to latest version", 
    "type": "api-change"
  }, 
  {
    "category": "``pinpoint``", 
    "description": "Update pinpoint client to latest version", 
    "type": "api-change"
  }, 
  {
    "category": "``rekognition``", 
    "description": "Update rekognition client to latest version", 
    "type": "api-change"
  }
]