[
  {
    "category": "``comprehend``", 
    "description": "Update comprehend client to latest version", 
    "type": "api-change"
  }, 
  {
    "category": "``codedeploy``", 
    "description": "Update codedeploy client to latest version", 
    "type": "api-change"
  }, 
  {
    "category": "``elasticache``", 
    "description": "Update elasticache client to latest version", 
    "type": "api-change"
  }, 
  {
    "category": "``ecs``", 
    "description": "Update ecs client to latest version", 
    "type": "api-change"
  }
]