[
  {
    "category": "``lakeformation``", 
    "description": "Update lakeformation client to latest version", 
    "type": "api-change"
  }, 
  {
    "category": "``opsworkscm``", 
    "description": "Update opsworkscm client to latest version", 
    "type": "api-change"
  }, 
  {
    "category": "``glue``", 
    "description": "Update glue client to latest version", 
    "type": "api-change"
  }, 
  {
    "category": "``codebuild``", 
    "description": "Update codebuild client to latest version", 
    "type": "api-change"
  }
]