[
  {
    "category": "``iot``", 
    "description": "Update iot client to latest version", 
    "type": "api-change"
  }, 
  {
    "category": "``sms``", 
    "description": "Update sms client to latest version", 
    "type": "api-change"
  }, 
  {
    "category": "``s3``", 
    "description": "Update s3 client to latest version", 
    "type": "api-change"
  }, 
  {
    "category": "``iotanalytics``", 
    "description": "Update iotanalytics client to latest version", 
    "type": "api-change"
  }, 
  {
    "category": "``greengrass``", 
    "description": "Update greengrass client to latest version", 
    "type": "api-change"
  }, 
  {
    "category": "``kms``", 
    "description": "Update kms client to latest version", 
    "type": "api-change"
  }, 
  {
    "category": "``ec2``", 
    "description": "Update ec2 client to latest version", 
    "type": "api-change"
  }, 
  {
    "category": "``globalaccelerator``", 
    "description": "Update globalaccelerator client to latest version", 
    "type": "api-change"
  }
]