[
  {
    "category": "``elbv2``", 
    "description": "Update elbv2 client to latest version", 
    "type": "api-change"
  }, 
  {
    "category": "``ec2``", 
    "description": "Update ec2 client to latest version", 
    "type": "api-change"
  }, 
  {
    "category": "``workmailmessageflow``", 
    "description": "Update workmailmessageflow client to latest version", 
    "type": "api-change"
  }, 
  {
    "category": "``medialive``", 
    "description": "Update medialive client to latest version", 
    "type": "api-change"
  }
]