[
  {
    "category": "``discovery``", 
    "description": "Update discovery client to latest version", 
    "type": "api-change"
  }, 
  {
    "category": "``organizations``", 
    "description": "Update organizations client to latest version", 
    "type": "api-change"
  }, 
  {
    "category": "``resource-groups``", 
    "description": "Update resource-groups client to latest version", 
    "type": "api-change"
  }, 
  {
    "category": "``opsworkscm``", 
    "description": "Update opsworkscm client to latest version", 
    "type": "api-change"
  }, 
  {
    "category": "``pinpoint``", 
    "description": "Update pinpoint client to latest version", 
    "type": "api-change"
  }, 
  {
    "category": "``mediaconvert``", 
    "description": "Update mediaconvert client to latest version", 
    "type": "api-change"
  }, 
  {
    "category": "``cur``", 
    "description": "Update cur client to latest version", 
    "type": "api-change"
  }
]