[
  {
    "category": "``codepipeline``", 
    "description": "Update codepipeline client to latest version", 
    "type": "api-change"
  }, 
  {
    "category": "``application-autoscaling``", 
    "description": "Update application-autoscaling client to latest version", 
    "type": "api-change"
  }, 
  {
    "category": "``elasticache``", 
    "description": "Update elasticache client to latest version", 
    "type": "api-change"
  }, 
  {
    "category": "``lambda``", 
    "description": "Update lambda client to latest version", 
    "type": "api-change"
  }, 
  {
    "category": "``ecs``", 
    "description": "Update ecs client to latest version", 
    "type": "api-change"
  }
]