[
  {
    "category": "``application-insights``", 
    "description": "Update application-insights client to latest version", 
    "type": "api-change"
  }, 
  {
    "category": "``securityhub``", 
    "description": "Update securityhub client to latest version", 
    "type": "api-change"
  }, 
  {
    "category": "``apigateway``", 
    "description": "Update apigateway client to latest version", 
    "type": "api-change"
  }, 
  {
    "category": "``elbv2``", 
    "description": "Update elbv2 client to latest version", 
    "type": "api-change"
  }, 
  {
    "category": "``fsx``", 
    "description": "Update fsx client to latest version", 
    "type": "api-change"
  }, 
  {
    "category": "``service-quotas``", 
    "description": "Update service-quotas client to latest version", 
    "type": "api-change"
  }, 
  {
    "category": "``resourcegroupstaggingapi``", 
    "description": "Update resourcegroupstaggingapi client to latest version", 
    "type": "api-change"
  }, 
  {
    "category": "``ssm``", 
    "description": "Update ssm client to latest version", 
    "type": "api-change"
  }, 
  {
    "category": "``apigatewayv2``", 
    "description": "Update apigatewayv2 client to latest version", 
    "type": "api-change"
  }
]