[
  {
    "category": "``elbv2``", 
    "description": "Update elbv2 client to latest version", 
    "type": "api-change"
  }, 
  {
    "category": "``mediastore``", 
    "description": "Update mediastore client to latest version", 
    "type": "api-change"
  }, 
  {
    "category": "``ce``", 
    "description": "Update ce client to latest version", 
    "type": "api-change"
  }, 
  {
    "category": "``autoscaling``", 
    "description": "Update autoscaling client to latest version", 
    "type": "api-change"
  }
]