[
  {
    "category": "``ce``", 
    "description": "Update ce client to latest version", 
    "type": "api-change"
  }, 
  {
    "category": "``greengrass``", 
    "description": "Update greengrass client to latest version", 
    "type": "api-change"
  }, 
  {
    "category": "``glue``", 
    "description": "Update glue client to latest version", 
    "type": "api-change"
  }, 
  {
    "category": "``logs``", 
    "description": "Update logs client to latest version", 
    "type": "api-change"
  }, 
  {
    "category": "``mediaconnect``", 
    "description": "Update mediaconnect client to latest version", 
    "type": "api-change"
  }, 
  {
    "category": "``batch``", 
    "description": "Update batch client to latest version", 
    "type": "api-change"
  }, 
  {
    "category": "``ec2``", 
    "description": "Update ec2 client to latest version", 
    "type": "api-change"
  }
]