[
  {
    "category": "``health``", 
    "description": "Update health client to latest version", 
    "type": "api-change"
  }, 
  {
    "category": "``glue``", 
    "description": "Update glue client to latest version", 
    "type": "api-change"
  }, 
  {
    "category": "``iotevents-data``", 
    "description": "Update iotevents-data client to latest version", 
    "type": "api-change"
  }, 
  {
    "category": "``opsworks``", 
    "description": "Update opsworks client to latest version", 
    "type": "api-change"
  }, 
  {
    "category": "``rds``", 
    "description": "Update rds client to latest version", 
    "type": "api-change"
  }, 
  {
    "category": "``acm-pca``", 
    "description": "Update acm-pca client to latest version", 
    "type": "api-change"
  }
]