[
  {
    "category": "``polly``", 
    "description": "Update polly client to latest version", 
    "type": "api-change"
  }, 
  {
    "category": "``batch``", 
    "description": "Update batch client to latest version", 
    "type": "api-change"
  }, 
  {
    "category": "``firehose``", 
    "description": "Update firehose client to latest version", 
    "type": "api-change"
  }, 
  {
    "category": "``cloudformation``", 
    "description": "Update cloudformation client to latest version", 
    "type": "api-change"
  }, 
  {
    "category": "``budgets``", 
    "description": "Update budgets client to latest version", 
    "type": "api-change"
  }, 
  {
    "category": "``codepipeline``", 
    "description": "Update codepipeline client to latest version", 
    "type": "api-change"
  }, 
  {
    "category": "``rds``", 
    "description": "Update rds client to latest version", 
    "type": "api-change"
  }
]