[
  {
    "category": "``amplify``", 
    "description": "Update amplify client to latest version", 
    "type": "api-change"
  }, 
  {
    "category": "``transfer``", 
    "description": "Update transfer client to latest version", 
    "type": "api-change"
  }, 
  {
    "category": "``snowball``", 
    "description": "Update snowball client to latest version", 
    "type": "api-change"
  }, 
  {
    "category": "``robomaker``", 
    "description": "Update robomaker client to latest version", 
    "type": "api-change"
  }, 
  {
    "category": "``s3``", 
    "description": "Update s3 client to latest version", 
    "type": "api-change"
  }, 
  {
    "category": "``datasync``", 
    "description": "Update datasync client to latest version", 
    "type": "api-change"
  }
]