[
  {
    "category": "``iot``", 
    "description": "Update iot client to latest version", 
    "type": "api-change"
  }, 
  {
    "category": "``lightsail``", 
    "description": "Update lightsail client to latest version", 
    "type": "api-change"
  }, 
  {
    "category": "``autoscaling``", 
    "description": "Update autoscaling client to latest version", 
    "type": "api-change"
  }, 
  {
    "category": "``events``", 
    "description": "Update events client to latest version", 
    "type": "api-change"
  }, 
  {
    "category": "``cognito-idp``", 
    "description": "Update cognito-idp client to latest version", 
    "type": "api-change"
  }
]