[
  {
    "category": "``cloudfront``", 
    "description": "Update cloudfront client to latest version", 
    "type": "api-change"
  }, 
  {
    "category": "``personalize``", 
    "description": "Update personalize client to latest version", 
    "type": "api-change"
  }, 
  {
    "category": "``ec2``", 
    "description": "Update ec2 client to latest version", 
    "type": "api-change"
  }, 
  {
    "category": "``appstream``", 
    "description": "Update appstream client to latest version", 
    "type": "api-change"
  }
]