[
  {
    "category": "``appmesh``", 
    "description": "Update appmesh client to latest version", 
    "type": "api-change"
  }, 
  {
    "category": "``elasticache``", 
    "description": "Update elasticache client to latest version", 
    "type": "api-change"
  }, 
  {
    "category": "``ec2``", 
    "description": "Update ec2 client to latest version", 
    "type": "api-change"
  }, 
  {
    "category": "``guardduty``", 
    "description": "Update guardduty client to latest version", 
    "type": "api-change"
  }
]