[
  {
    "category": "``kinesis-video-archived-media``", 
    "description": "Update kinesis-video-archived-media client to latest version", 
    "type": "api-change"
  }, 
  {
    "category": "``workdocs``", 
    "description": "Update workdocs client to latest version", 
    "type": "api-change"
  }, 
  {
    "category": "``codebuild``", 
    "description": "Update codebuild client to latest version", 
    "type": "api-change"
  }, 
  {
    "category": "``cloudwatch``", 
    "description": "Update cloudwatch client to latest version", 
    "type": "api-change"
  }, 
  {
    "category": "``organizations``", 
    "description": "Update organizations client to latest version", 
    "type": "api-change"
  }, 
  {
    "category": "``kinesisvideo``", 
    "description": "Update kinesisvideo client to latest version", 
    "type": "api-change"
  }, 
  {
    "category": "``kinesis-video-media``", 
    "description": "Update kinesis-video-media client to latest version", 
    "type": "api-change"
  }, 
  {
    "category": "``transfer``", 
    "description": "Update transfer client to latest version", 
    "type": "api-change"
  }
]