[
  {
    "category": "``es``", 
    "description": "Update es client to latest version", 
    "type": "api-change"
  }, 
  {
    "category": "``ec2``", 
    "description": "Update ec2 client to latest version", 
    "type": "api-change"
  }, 
  {
    "category": "``application-autoscaling``", 
    "description": "Update application-autoscaling client to latest version", 
    "type": "api-change"
  }, 
  {
    "category": "``devicefarm``", 
    "description": "Update devicefarm client to latest version", 
    "type": "api-change"
  }
]