[
  {
    "category": "``servicecatalog``", 
    "description": "Update servicecatalog client to latest version", 
    "type": "api-change"
  }, 
  {
    "category": "``medialive``", 
    "description": "Update medialive client to latest version", 
    "type": "api-change"
  }, 
  {
    "category": "``pinpoint-email``", 
    "description": "Update pinpoint-email client to latest version", 
    "type": "api-change"
  }, 
  {
    "category": "``workspaces``", 
    "description": "Update workspaces client to latest version", 
    "type": "api-change"
  }
]