[
  {
    "category": "``glue``", 
    "description": "Update glue client to latest version", 
    "type": "api-change"
  }, 
  {
    "category": "``transcribe``", 
    "description": "Update transcribe client to latest version", 
    "type": "api-change"
  }, 
  {
    "category": "``connectparticipant``", 
    "description": "Update connectparticipant client to latest version", 
    "type": "api-change"
  }, 
  {
    "category": "``dynamodb``", 
    "description": "Update dynamodb client to latest version", 
    "type": "api-change"
  }, 
  {
    "category": "``lex-runtime``", 
    "description": "Update lex-runtime client to latest version", 
    "type": "api-change"
  }, 
  {
    "category": "``connect``", 
    "description": "Update connect client to latest version", 
    "type": "api-change"
  }, 
  {
    "category": "``ec2``", 
    "description": "Update ec2 client to latest version", 
    "type": "api-change"
  }, 
  {
    "category": "``meteringmarketplace``", 
    "description": "Update meteringmarketplace client to latest version", 
    "type": "api-change"
  }, 
  {
    "category": "``config``", 
    "description": "Update config client to latest version", 
    "type": "api-change"
  }, 
  {
    "category": "``lex-models``", 
    "description": "Update lex-models client to latest version", 
    "type": "api-change"
  }, 
  {
    "category": "``ssm``", 
    "description": "Update ssm client to latest version", 
    "type": "api-change"
  }, 
  {
    "category": "``amplify``", 
    "description": "Update amplify client to latest version", 
    "type": "api-change"
  }, 
  {
    "category": "``appsync``", 
    "description": "Update appsync client to latest version", 
    "type": "api-change"
  }
]