[
  {
    "category": "``lex-models``", 
    "description": "Update lex-models client to latest version", 
    "type": "api-change"
  }, 
  {
    "category": "``ecr``", 
    "description": "Update ecr client to latest version", 
    "type": "api-change"
  }, 
  {
    "category": "``lightsail``", 
    "description": "Update lightsail client to latest version", 
    "type": "api-change"
  }, 
  {
    "category": "``ce``", 
    "description": "Update ce client to latest version", 
    "type": "api-change"
  }
]