[
  {
    "category": "``ec2``", 
    "description": "Update ec2 client to latest version", 
    "type": "api-change"
  }, 
  {
    "category": "``s3``", 
    "description": "Update s3 client to latest version", 
    "type": "api-change"
  }, 
  {
    "category": "``resourcegroupstaggingapi``", 
    "description": "Update resourcegroupstaggingapi client to latest version", 
    "type": "api-change"
  }, 
  {
    "category": "``cloudfront``", 
    "description": "Update cloudfront client to latest version", 
    "type": "api-change"
  }, 
  {
    "category": "``s3``", 
    "description": "Add support for opting into using the us-east-1 regional endpoint.", 
    "type": "enhancement"
  }, 
  {
    "category": "``opsworkscm``", 
    "description": "Update opsworkscm client to latest version", 
    "type": "api-change"
  }
]