[
  {
    "category": "``kinesisanalyticsv2``", 
    "description": "Update kinesisanalyticsv2 client to latest version", 
    "type": "api-change"
  }, 
  {
    "category": "``ssm``", 
    "description": "Update ssm client to latest version", 
    "type": "api-change"
  }, 
  {
    "category": "``medialive``", 
    "description": "Update medialive client to latest version", 
    "type": "api-change"
  }, 
  {
    "category": "``iot``", 
    "description": "Update iot client to latest version", 
    "type": "api-change"
  }, 
  {
    "category": "``ecs``", 
    "description": "Update ecs client to latest version", 
    "type": "api-change"
  }, 
  {
    "category": "``ec2``", 
    "description": "Update ec2 client to latest version", 
    "type": "api-change"
  }
]