[
  {
    "category": "``ec2``", 
    "description": "Update ec2 client to latest version", 
    "type": "api-change"
  }, 
  {
    "category": "``license-manager``", 
    "description": "Update license-manager client to latest version", 
    "type": "api-change"
  }, 
  {
    "category": "``imagebuilder``", 
    "description": "Update imagebuilder client to latest version", 
    "type": "api-change"
  }, 
  {
    "category": "``schemas``", 
    "description": "Update schemas client to latest version", 
    "type": "api-change"
  }
]