[
  {
    "category": "``sagemaker``", 
    "description": "Update sagemaker client to latest version", 
    "type": "api-change"
  }, 
  {
    "category": "``gamelift``", 
    "description": "Update gamelift client to latest version", 
    "type": "api-change"
  }, 
  {
    "category": "``sts``", 
    "description": "Add support for configuring the use of regional STS endpoints.", 
    "type": "enhancement"
  }, 
  {
    "category": "``chime``", 
    "description": "Update chime client to latest version", 
    "type": "api-change"
  }, 
  {
    "category": "``appmesh``", 
    "description": "Update appmesh client to latest version", 
    "type": "api-change"
  }, 
  {
    "category": "``ec2``", 
    "description": "Update ec2 client to latest version", 
    "type": "api-change"
  }
]