[
  {
    "category": "``ec2``", 
    "description": "Update ec2 client to latest version", 
    "type": "api-change"
  }, 
  {
    "category": "``cloudformation``", 
    "description": "Update cloudformation client to latest version", 
    "type": "api-change"
  }, 
  {
    "category": "``elbv2``", 
    "description": "Update elbv2 client to latest version", 
    "type": "api-change"
  }, 
  {
    "category": "``lambda``", 
    "description": "Update lambda client to latest version", 
    "type": "api-change"
  }, 
  {
    "category": "``config``", 
    "description": "Update config client to latest version", 
    "type": "api-change"
  }, 
  {
    "category": "``iam``", 
    "description": "Update iam client to latest version", 
    "type": "api-change"
  }, 
  {
    "category": "``codebuild``", 
    "description": "Update codebuild client to latest version", 
    "type": "api-change"
  }, 
  {
    "category": "``iot``", 
    "description": "Update iot client to latest version", 
    "type": "api-change"
  }, 
  {
    "category": "``autoscaling``", 
    "description": "Update autoscaling client to latest version", 
    "type": "api-change"
  }
]