[
  {
    "category": "``datasync``", 
    "description": "Update datasync client to latest version", 
    "type": "api-change"
  }, 
  {
    "category": "``dlm``", 
    "description": "Update dlm client to latest version", 
    "type": "api-change"
  }, 
  {
    "category": "``mediastore``", 
    "description": "Update mediastore client to latest version", 
    "type": "api-change"
  }, 
  {
    "category": "``cloudtrail``", 
    "description": "Update cloudtrail client to latest version", 
    "type": "api-change"
  }, 
  {
    "category": "``mgh``", 
    "description": "Update mgh client to latest version", 
    "type": "api-change"
  }, 
  {
    "category": "``storagegateway``", 
    "description": "Update storagegateway client to latest version", 
    "type": "api-change"
  }, 
  {
    "category": "``ec2``", 
    "description": "Update ec2 client to latest version", 
    "type": "api-change"
  }, 
  {
    "category": "``codecommit``", 
    "description": "Update codecommit client to latest version", 
    "type": "api-change"
  }, 
  {
    "category": "``s3``", 
    "description": "Update s3 client to latest version", 
    "type": "api-change"
  }, 
  {
    "category": "``fsx``", 
    "description": "Update fsx client to latest version", 
    "type": "api-change"
  }, 
  {
    "category": "``migrationhub-config``", 
    "description": "Update migrationhub-config client to latest version", 
    "type": "api-change"
  }, 
  {
    "category": "``firehose``", 
    "description": "Update firehose client to latest version", 
    "type": "api-change"
  }, 
  {
    "category": "``transcribe``", 
    "description": "Update transcribe client to latest version", 
    "type": "api-change"
  }, 
  {
    "category": "``ecs``", 
    "description": "Update ecs client to latest version", 
    "type": "api-change"
  }, 
  {
    "category": "``discovery``", 
    "description": "Update discovery client to latest version", 
    "type": "api-change"
  }, 
  {
    "category": "``chime``", 
    "description": "Update chime client to latest version", 
    "type": "api-change"
  }, 
  {
    "category": "``quicksight``", 
    "description": "Update quicksight client to latest version", 
    "type": "api-change"
  }
]