[
  {
    "category": "``transcribe``", 
    "description": "Update transcribe client to latest version", 
    "type": "api-change"
  }, 
  {
    "category": "``marketplace-catalog``", 
    "description": "Update marketplace-catalog client to latest version", 
    "type": "api-change"
  }, 
  {
    "category": "``dynamodb``", 
    "description": "Update dynamodb client to latest version", 
    "type": "api-change"
  }, 
  {
    "category": "``codepipeline``", 
    "description": "Update codepipeline client to latest version", 
    "type": "api-change"
  }, 
  {
    "category": "``elbv2``", 
    "description": "Update elbv2 client to latest version", 
    "type": "api-change"
  }
]