[
  {
    "category": "``acm``", 
    "description": "Update acm client to latest version", 
    "type": "api-change"
  }, 
  {
    "category": "``autoscaling-plans``", 
    "description": "Update autoscaling-plans client to latest version", 
    "type": "api-change"
  }, 
  {
    "category": "``codebuild``", 
    "description": "Update codebuild client to latest version", 
    "type": "api-change"
  }, 
  {
    "category": "``mediapackage-vod``", 
    "description": "Update mediapackage-vod client to latest version", 
    "type": "api-change"
  }, 
  {
    "category": "``emr``", 
    "description": "Update emr client to latest version", 
    "type": "api-change"
  }, 
  {
    "category": "``sns``", 
    "description": "Update sns client to latest version", 
    "type": "api-change"
  }, 
  {
    "category": "``ssm``", 
    "description": "Update ssm client to latest version", 
    "type": "api-change"
  }, 
  {
    "category": "``application-autoscaling``", 
    "description": "Update application-autoscaling client to latest version", 
    "type": "api-change"
  }, 
  {
    "category": "``sts``", 
    "description": "Update sts client to latest version", 
    "type": "api-change"
  }, 
  {
    "category": "``forecast``", 
    "description": "Update forecast client to latest version", 
    "type": "api-change"
  }, 
  {
    "category": "``ec2``", 
    "description": "Update ec2 client to latest version", 
    "type": "api-change"
  }, 
  {
    "category": "``rekognition``", 
    "description": "Update rekognition client to latest version", 
    "type": "api-change"
  }
]