[
  {
    "category": "s3", 
    "description": "Add stricter validation to s3 control account id parameter.", 
    "type": "bugfix"
  }, 
  {
    "category": "``quicksight``", 
    "description": "Update quicksight client to latest version", 
    "type": "api-change"
  }, 
  {
    "category": "``kms``", 
    "description": "Update kms client to latest version", 
    "type": "api-change"
  }, 
  {
    "category": "``ssm``", 
    "description": "Update ssm client to latest version", 
    "type": "api-change"
  }, 
  {
    "category": "``kafka``", 
    "description": "Update kafka client to latest version", 
    "type": "api-change"
  }
]