[
  {
    "category": "``glue``", 
    "description": "Update glue client to latest version", 
    "type": "api-change"
  }, 
  {
    "category": "``chime``", 
    "description": "Update chime client to latest version", 
    "type": "api-change"
  }, 
  {
    "category": "``workmail``", 
    "description": "Update workmail client to latest version", 
    "type": "api-change"
  }, 
  {
    "category": "``ds``", 
    "description": "Update ds client to latest version", 
    "type": "api-change"
  }, 
  {
    "category": "``ec2``", 
    "description": "Update ec2 client to latest version", 
    "type": "api-change"
  }, 
  {
    "category": "``es``", 
    "description": "Update es client to latest version", 
    "type": "api-change"
  }, 
  {
    "category": "``neptune``", 
    "description": "Update neptune client to latest version", 
    "type": "api-change"
  }
]