[
  {
    "category": "``mediaconvert``", 
    "description": "Update mediaconvert client to latest version", 
    "type": "api-change"
  }, 
  {
    "category": "``neptune``", 
    "description": "Update neptune client to latest version", 
    "type": "api-change"
  }, 
  {
    "category": "``cloudhsmv2``", 
    "description": "Update cloudhsmv2 client to latest version", 
    "type": "api-change"
  }, 
  {
    "category": "``redshift``", 
    "description": "Update redshift client to latest version", 
    "type": "api-change"
  }, 
  {
    "category": "``batch``", 
    "description": "Update batch client to latest version", 
    "type": "api-change"
  }, 
  {
    "category": "``ecs``", 
    "description": "Update ecs client to latest version", 
    "type": "api-change"
  }
]