[
  {
    "category": "``sagemaker``", 
    "description": "Update sagemaker client to latest version", 
    "type": "api-change"
  }, 
  {
    "category": "``chime``", 
    "description": "Update chime client to latest version", 
    "type": "api-change"
  }, 
  {
    "category": "``transfer``", 
    "description": "Update transfer client to latest version", 
    "type": "api-change"
  }, 
  {
    "category": "``ec2``", 
    "description": "Update ec2 client to latest version", 
    "type": "api-change"
  }, 
  {
    "category": "Python", 
    "description": "Dropped support for Python 2.6 and 3.3.", 
    "type": "feature"
  }, 
  {
    "category": "``workspaces``", 
    "description": "Update workspaces client to latest version", 
    "type": "api-change"
  }, 
  {
    "category": "``rds``", 
    "description": "Update rds client to latest version", 
    "type": "api-change"
  }
]