[
  {
    "category": "``lex-models``", 
    "description": "Update lex-models client to latest version", 
    "type": "api-change"
  }, 
  {
    "category": "``securityhub``", 
    "description": "Update securityhub client to latest version", 
    "type": "api-change"
  }, 
  {
    "category": "``ec2``", 
    "description": "Update ec2 client to latest version", 
    "type": "api-change"
  }, 
  {
    "category": "``apigatewayv2``", 
    "description": "Update apigatewayv2 client to latest version", 
    "type": "api-change"
  }, 
  {
    "category": "``iot``", 
    "description": "Update iot client to latest version", 
    "type": "api-change"
  }
]