[
  {
    "category": "``transcribe``", 
    "description": "Update transcribe client to latest version", 
    "type": "api-change"
  }, 
  {
    "category": "``chime``", 
    "description": "Update chime client to latest version", 
    "type": "api-change"
  }, 
  {
    "category": "``iam``", 
    "description": "Update iam client to latest version", 
    "type": "api-change"
  }, 
  {
    "category": "``elasticbeanstalk``", 
    "description": "Update elasticbeanstalk client to latest version", 
    "type": "api-change"
  }
]