[
  {
    "category": "``dms``", 
    "description": "Update dms client to latest version", 
    "type": "api-change"
  }, 
  {
    "category": "``dataexchange``", 
    "description": "Update dataexchange client to latest version", 
    "type": "api-change"
  }, 
  {
    "category": "``accessanalyzer``", 
    "description": "Update accessanalyzer client to latest version", 
    "type": "api-change"
  }, 
  {
    "category": "``sagemaker``", 
    "description": "Update sagemaker client to latest version", 
    "type": "api-change"
  }
]