[
  {
    "category": "``athena``", 
    "description": "Update athena client to latest version", 
    "type": "api-change"
  }, 
  {
    "category": "``rds-data``", 
    "description": "Update rds-data client to latest version", 
    "type": "api-change"
  }, 
  {
    "category": "``eks``", 
    "description": "Update eks client to latest version", 
    "type": "api-change"
  }, 
  {
    "category": "``organizations``", 
    "description": "Update organizations client to latest version", 
    "type": "api-change"
  }
]