[
  {
    "category": "``signer``", 
    "description": "Update signer client to latest version", 
    "type": "api-change"
  }, 
  {
    "category": "``guardduty``", 
    "description": "Update guardduty client to latest version", 
    "type": "api-change"
  }, 
  {
    "category": "``appmesh``", 
    "description": "Update appmesh client to latest version", 
    "type": "api-change"
  }, 
  {
    "category": "``ec2``", 
    "description": "Update ec2 client to latest version", 
    "type": "api-change"
  }, 
  {
    "category": "``robomaker``", 
    "description": "Update robomaker client to latest version", 
    "type": "api-change"
  }
]