[
  {
    "category": "``opsworkscm``", 
    "description": "Update opsworkscm client to latest version", 
    "type": "api-change"
  }, 
  {
    "category": "``wafv2``", 
    "description": "Update wafv2 client to latest version", 
    "type": "api-change"
  }, 
  {
    "category": "``glue``", 
    "description": "Update glue client to latest version", 
    "type": "api-change"
  }, 
  {
    "category": "``elastic-inference``", 
    "description": "Update elastic-inference client to latest version", 
    "type": "api-change"
  }, 
  {
    "category": "``lambda``", 
    "description": "Update lambda client to latest version", 
    "type": "api-change"
  }, 
  {
    "category": "``mediastore``", 
    "description": "Update mediastore client to latest version", 
    "type": "api-change"
  }, 
  {
    "category": "``pinpoint``", 
    "description": "Update pinpoint client to latest version", 
    "type": "api-change"
  }, 
  {
    "category": "``storagegateway``", 
    "description": "Update storagegateway client to latest version", 
    "type": "api-change"
  }, 
  {
    "category": "``rekognition``", 
    "description": "Update rekognition client to latest version", 
    "type": "api-change"
  }, 
  {
    "category": "``fms``", 
    "description": "Update fms client to latest version", 
    "type": "api-change"
  }, 
  {
    "category": "``organizations``", 
    "description": "Update organizations client to latest version", 
    "type": "api-change"
  }, 
  {
    "category": "``detective``", 
    "description": "Update detective client to latest version", 
    "type": "api-change"
  }, 
  {
    "category": "``appconfig``", 
    "description": "Update appconfig client to latest version", 
    "type": "api-change"
  }
]