[
  {
    "category": "``managedblockchain``", 
    "description": "Update managedblockchain client to latest version", 
    "type": "api-change"
  }, 
  {
    "category": "``ce``", 
    "description": "Update ce client to latest version", 
    "type": "api-change"
  }, 
  {
    "category": "``application-insights``", 
    "description": "Update application-insights client to latest version", 
    "type": "api-change"
  }, 
  {
    "category": "``detective``", 
    "description": "Update detective client to latest version", 
    "type": "api-change"
  }, 
  {
    "category": "``es``", 
    "description": "Update es client to latest version", 
    "type": "api-change"
  }, 
  {
    "category": "``xray``", 
    "description": "Update xray client to latest version", 
    "type": "api-change"
  }
]