[
  {
    "category": "``cloudfront``", 
    "description": "Update cloudfront client to latest version", 
    "type": "api-change"
  }, 
  {
    "category": "``pinpoint``", 
    "description": "Update pinpoint client to latest version", 
    "type": "api-change"
  }, 
  {
    "category": "``personalize-runtime``", 
    "description": "Update personalize-runtime client to latest version", 
    "type": "api-change"
  }, 
  {
    "category": "``sagemaker-runtime``", 
    "description": "Update sagemaker-runtime client to latest version", 
    "type": "api-change"
  }, 
  {
    "category": "``elasticbeanstalk``", 
    "description": "Update elasticbeanstalk client to latest version", 
    "type": "api-change"
  }, 
  {
    "category": "``servicecatalog``", 
    "description": "Update servicecatalog client to latest version", 
    "type": "api-change"
  }, 
  {
    "category": "``apigateway``", 
    "description": "Update apigateway client to latest version", 
    "type": "api-change"
  }, 
  {
    "category": "``personalize``", 
    "description": "Update personalize client to latest version", 
    "type": "api-change"
  }
]