[
  {
    "category": "``transcribe``", 
    "description": "Update transcribe client to latest version", 
    "type": "api-change"
  }, 
  {
    "category": "``ec2``", 
    "description": "Update ec2 client to latest version", 
    "type": "api-change"
  }, 
  {
    "category": "``health``", 
    "description": "Update health client to latest version", 
    "type": "api-change"
  }, 
  {
    "category": "``chime``", 
    "description": "Update chime client to latest version", 
    "type": "api-change"
  }
]