[
  {
    "category": "``sts``", 
    "description": "Update sts client to latest version", 
    "type": "api-change"
  }, 
  {
    "category": "``ecr``", 
    "description": "Update ecr client to latest version", 
    "type": "api-change"
  }, 
  {
    "category": "``glue``", 
    "description": "Update glue client to latest version", 
    "type": "api-change"
  }, 
  {
    "category": "``cloudformation``", 
    "description": "Update cloudformation client to latest version", 
    "type": "api-change"
  }
]