[
  {
    "category": "``elasticache``", 
    "description": "Update elasticache client to latest version", 
    "type": "api-change"
  }, 
  {
    "category": "``dlm``", 
    "description": "Update dlm client to latest version", 
    "type": "api-change"
  }, 
  {
    "category": "``quicksight``", 
    "description": "Update quicksight client to latest version", 
    "type": "api-change"
  }, 
  {
    "category": "``ssm``", 
    "description": "Update ssm client to latest version", 
    "type": "api-change"
  }, 
  {
    "category": "``ec2``", 
    "description": "Update ec2 client to latest version", 
    "type": "api-change"
  }, 
  {
    "category": "``macie``", 
    "description": "Update macie client to latest version", 
    "type": "api-change"
  }
]