[
  {
    "category": "``synthetics``", 
    "description": "Update synthetics client to latest version", 
    "type": "api-change"
  }, 
  {
    "category": "``codebuild``", 
    "description": "Update codebuild client to latest version", 
    "type": "api-change"
  }, 
  {
    "category": "``s3``", 
    "description": "Update s3 client to latest version", 
    "type": "api-change"
  }, 
  {
    "category": "``ec2``", 
    "description": "Update ec2 client to latest version", 
    "type": "api-change"
  }
]