[
  {
    "category": "``ssm``", 
    "description": "Update ssm client to latest version", 
    "type": "api-change"
  }, 
  {
    "category": "``lightsail``", 
    "description": "Update lightsail client to latest version", 
    "type": "api-change"
  }, 
  {
    "category": "``meteringmarketplace``", 
    "description": "Update meteringmarketplace client to latest version", 
    "type": "api-change"
  }, 
  {
    "category": "``mediapackage-vod``", 
    "description": "Update mediapackage-vod client to latest version", 
    "type": "api-change"
  }, 
  {
    "category": "``ec2``", 
    "description": "Update ec2 client to latest version", 
    "type": "api-change"
  }
]